<?xml version="1.0" encoding="UTF-8"?>
<project-private xmlns="http://www.netbeans.org/ns/project-private/1">
    <editor-bookmarks xmlns="http://www.netbeans.org/ns/editor-bookmarks/2" lastBookmarkId="0"/>
    <open-files xmlns="http://www.netbeans.org/ns/projectui-open-files/2">
        <group>
            <file>file:/C:/Users/duc/Documents/e-Admin/E-User/web/footer.jsp</file>
            <file>file:/C:/Users/duc/Documents/e-Admin/E-User/web/details.jsp</file>
            <file>file:/C:/Users/duc/Documents/e-Admin/E-User/web/header.jsp</file>
            <file>file:/C:/Users/duc/Documents/e-Admin/E-User/web/index.jsp</file>
            <file>file:/C:/Users/duc/Documents/e-Admin/E-User/web/report.jsp</file>
            <file>file:/C:/Users/duc/Documents/e-Admin/E-User/web/timetable.jsp</file>
            <file>file:/C:/Users/duc/Documents/e-Admin/E-User/web/login.jsp</file>
        </group>
    </open-files>
</project-private>
